id,title,status,priority,due_at,plan_start,plan_end,hub_pj_task_project_id,project_id,hub_pj_task_assignee_id,sort,due_date,assignee_text
1,海外仓切换方案初稿,in_progress,low,2026-09-12,2026-09-05,2026-09-12,14,14,2,1,2026-09-12,陈立群
2,货权转移法律意见征询,done,high,2026-09-08,2026-09-02,2026-09-08,14,14,3,1,2026-09-08,王一帆
3,备用仓报价对比表,review,medium,2026-09-14,2026-09-06,2026-09-13,14,14,4,1,2026-09-14,林静怡
4,中亚货架选品清单,in_progress,high,2026-09-20,2026-09-10,2026-09-19,2,2,2,2,2026-09-20,陈立群
5,五国渠道商回访纪要,todo,medium,2026-09-25,2026-09-15,2026-09-24,2,2,4,5,2026-09-25,林静怡
6,HACCP 体系差距评估,in_progress,high,2026-09-18,2026-09-01,2026-09-17,3,3,5,3,2026-09-18,赵晓芳
7,注册申请材料翻译,backlog,medium,2026-10-15,2026-09-25,2026-10-14,3,3,4,1,2026-10-15,林静怡
8,FDA 通报文件清单,todo,high,2026-10-08,2026-09-20,2026-10-07,4,4,2,2,2026-10-08,陈立群
9,标签合规审核规则表,backlog,medium,2026-10-25,2026-10-01,2026-10-24,4,4,3,2,2026-10-25,王一帆
10,品牌诊断报告框架,in_progress,medium,2026-10-10,2026-09-05,2026-10-09,5,5,4,4,2026-10-10,林静怡
11,中东联营合同条款谈判,todo,urgent,2026-10-31,2026-10-01,2026-10-30,6,6,4,3,2026-10-31,林静怡
12,联营利润分配模型,backlog,high,2026-11-10,2026-10-05,2026-11-08,6,6,3,3,2026-11-10,王一帆
13,马德里商标提交材料,todo,medium,2026-09-30,2026-09-15,2026-09-29,7,7,2,4,2026-09-30,陈立群
14,越南代理所查册复核,blocked,low,2026-10-10,2026-09-20,2026-10-09,7,7,4,1,2026-10-10,林静怡
15,退税口径对账底稿,done,low,2026-08-28,2026-08-10,2026-08-27,8,8,8,2,2026-08-28,得克斯
16,迪拜展位搭建验收单,done,medium,2026-09-03,2026-08-25,2026-09-02,9,9,5,3,2026-09-03,赵晓芳
17,商超对接排期确认函,done,high,2026-09-05,2026-08-28,2026-09-04,9,9,5,4,2026-09-05,赵晓芳
18,清真体系内审整改单,cancelled,low,2026-09-20,2026-09-01,2026-09-19,11,11,5,1,2026-09-20,赵晓芳
19,结算通道银行尽调清单,in_progress,high,2026-09-16,2026-09-08,2026-09-15,15,15,3,5,2026-09-16,王一帆
20,客户回访,todo,high,,,,2,2,,6,,
