id,title,priority,customer,category,assignee,status,planned_resolve_at,is_overdue
1,俄罗斯清关单据被退回,urgent,漯河宏发食品有限公司,customs,陈立群,in_progress,2026-09-10,f
2,中亚商超上架资料缺失,high,乌鲁木齐中亚食品进出口有限公司,channel,林静怡,waiting_internal,2026-09-12,f
3,水产冷链断链索赔咨询,high,青岛远洋渔业集团有限公司,logistics,赵晓芳,waiting_customer,2026-09-15,f
4,清真证书翻译件有误,medium,青岛远洋渔业集团有限公司,compliance,赵晓芳,resolved,2026-09-05,f
5,肉类出口配额咨询,medium,潍坊金锣肉制品有限公司,policy,陈立群,assigned,2026-09-11,f
6,调味品标签成分争议,high,广州味之源调味食品有限公司,compliance,陈立群,new,2026-09-14,f
7,速冻面点温区异常,urgent,郑州三全食品供应链有限公司,logistics,王一帆,in_progress,2026-09-09,t
8,粮油信用证条款疑问,medium,厦门海嘉粮油进出口有限公司,payment,王一帆,closed,2026-09-01,f
9,酿造食品退货协商,low,上海鼎丰酿造食品有限公司,after_sales,王一帆,closed,2026-08-30,f
10,装备 CE 标识整改,medium,泉州华洋食品机械有限公司,compliance,赵晓芳,reopened,2026-09-08,t
11,冷链库温记录补传,medium,深圳鲜丰冷链供应链有限公司,logistics,林静怡,waiting_customer,2026-09-13,f
12,川味食品代运营结算争议,low,成都川味记忆食品有限公司,payment,王一帆,resolved,2026-09-02,f
13,品牌联名授权条款咨询,medium,中食品牌管理（北京）有限公司,legal,林静怡,new,2026-09-18,f
14,海外仓入仓预约改期,high,漯河宏发食品有限公司,logistics,陈立群,resolved,2026-09-06,f
15,商超条形码注册咨询,low,乌鲁木齐中亚食品进出口有限公司,channel,林静怡,closed,2026-09-04,f
16,水产包装破损理赔,high,青岛远洋渔业集团有限公司,after_sales,赵晓芳,in_progress,2026-09-11,f
17,肉制品标签过敏原标注,urgent,潍坊金锣肉制品有限公司,compliance,陈立群,waiting_internal,2026-09-10,t
18,调味品出口退税口径,medium,广州味之源调味食品有限公司,policy,王一帆,assigned,2026-09-16,f
19,速冻食品展会样品报关,medium,郑州三全食品供应链有限公司,customs,陈立群,new,2026-09-20,f
20,粮油运输保险批单,low,厦门海嘉粮油进出口有限公司,payment,王一帆,resolved,2026-09-07,f
21,漯河宏发食品有限公司-标签合规工单-1000,low,漯河宏发食品有限公司,合规咨询,陈立群,open,2026-08-13,t
22,青岛远洋渔业集团有限公司-冷链断链工单-1001,medium,青岛远洋渔业集团有限公司,质量异常,王雅雯,processing,2026-08-14,f
23,佛山鲜之源食品贸易有限公司-认证年审工单-1002,high,佛山鲜之源食品贸易有限公司,物流异常,刘志远,resolved,2026-08-15,f
24,烟台北方果蔬合作社-客户投诉工单-1003,urgent,烟台北方果蔬合作社,客户服务,赵敏,closed,2026-08-16,f
25,漳州蜜饯世家实业-物流延误工单-1004,low,漳州蜜饯世家实业,合规咨询,孙浩,open,2026-08-17,f
26,潍坊金穗面粉集团-配方申报工单-1005,medium,潍坊金穗面粉集团,质量异常,周婷,processing,2026-08-18,t
27,宁波海浦水产有限公司-标签合规工单-1006,high,宁波海浦水产有限公司,物流异常,吴启明,resolved,2026-08-19,f
28,成都川味源调味品厂-冷链断链工单-1007,urgent,成都川味源调味品厂,客户服务,郑晓芳,closed,2026-08-20,f
29,哈尔滨北纬冷冻食品-认证年审工单-1008,low,哈尔滨北纬冷冻食品,合规咨询,陈立群,open,2026-08-21,f
30,广州茶里王饮品公司-客户投诉工单-1009,medium,广州茶里王饮品公司,质量异常,王雅雯,processing,2026-08-22,f
31,泉州豪客来休闲食品-物流延误工单-1010,high,泉州豪客来休闲食品,物流异常,刘志远,resolved,2026-08-23,t
32,日照海青茶叶有限公司-配方申报工单-1011,urgent,日照海青茶叶有限公司,客户服务,赵敏,closed,2026-08-24,f
33,石家庄冀中乳品公司-标签合规工单-1012,low,石家庄冀中乳品公司,合规咨询,孙浩,open,2026-08-25,f
34,中山粤香腊味食品厂-冷链断链工单-1013,medium,中山粤香腊味食品厂,质量异常,周婷,processing,2026-08-26,f
35,岳阳洞庭湖水产联社-认证年审工单-1014,high,岳阳洞庭湖水产联社,物流异常,吴启明,resolved,2026-08-27,f
36,昆明菌菇山珍贸易-客户投诉工单-1015,urgent,昆明菌菇山珍贸易,客户服务,郑晓芳,closed,2026-08-28,t
37,漯河宏发食品有限公司-物流延误工单-1016,low,漯河宏发食品有限公司,合规咨询,陈立群,open,2026-08-29,f
38,青岛远洋渔业集团有限公司-配方申报工单-1017,medium,青岛远洋渔业集团有限公司,质量异常,王雅雯,processing,2026-08-30,f
39,佛山鲜之源食品贸易有限公司-标签合规工单-1018,high,佛山鲜之源食品贸易有限公司,物流异常,刘志远,resolved,2026-08-31,f
40,烟台北方果蔬合作社-冷链断链工单-1019,urgent,烟台北方果蔬合作社,客户服务,赵敏,closed,2026-09-01,f
